title,company,location
Loan Officer,Eric Martineau Mtg Team,Texas+25 locations•Remote
Customer Service Representative | Work from Home,Pointe Pest Control,"Tri-Cities, WA+3 locations•Remote"
Practice Manager I,Advantage Dental Oral Health Center,"The Dalles, OR+4 locations"
"Level Designer / Scripter, Games Studio",Netflix,"Los Angeles, CA"
Unity Environment Artist for Mobile Game,The Third Cartel,Remote
"Team Lead, Client Fulfillment",Vivid Seats,+1 locationRemote
Unity Developer,Teaching.com,"San Juan, PR•Remote"
Unity Developer for 3D Mobile Game,The Third Cartel,Remote
C# Unity Developer (Game Development),Arcanys,Remote
"Operation Christmas Child Seasonal Associate - Charlotte, NC",Samaritan's Purse,"Charlotte, NC+6 locations"
High Ticket Sales Rep,Accelerated Growth Partners,Remote
Unity Engineer - REMOTE - Absolute Games,"Penn National Gaming, Inc.","Henderson, NV 89014 (Gibson Springs area)•Remote"
Senior Unity Developer,Rendever,"Boston, MA•Remote"
Interpreter,U.S Comm for Refuge,"Dearborn, MI 48126+5 locations"
Lead Mobile Unity Developer,"Blue Ox Family Games, Inc.","Caribou, ME 04736•Remote"
Unity Engineer - VR/AR,Wooorld,Remote
Retail Manager III - Lake Champion,Young Life,Remote
"Jedi Academy: Virtual Art Department San Francisco, CA",Industrial Light & Magic,"San Francisco, CA"
Instructor of Theology,Ligonier Ministries,"Sanford, FL 32771"
Narrative Designer,Amazon.com Services LLC,"Irvine, CA+2 locations"
Social Media Manager,Vivid Seats,Remote
Junior Unity Developer (Remote/US),Decoy Games,"Boston, MA 02101•Remote"
Game Developer (C++/C#),GameSim Inc,"Orlando, FL 32826•Temporarily Remote"
Accounting Specialist,InFirst Federal Credit Union,United States•Remote
Unity Technical Lead,FS Studio,Remote
Meter Reader,City of Duncan,"Duncan, OK 73533"
Senior Unity Developer,Freeman Company,"Portland, OR 97266 (Lents area)"
Level Designer,Amazon.com Services LLC,"Irvine, CA"
Director of Customer Success,Moxe,Wisconsin•Remote
Narrative Designer (Remote),Eleventh Hour Games,"Boerne, TX•Remote"
Customer Success Manager,Moxe,Wisconsin•Remote
Assistant General Counsel,Legacy Health,"Portland, OR 97209 (Northwest area)"
Online Instructor,iCode Katy,"Katy, TX 77494•Remote"
Game Developer,MyTab Games,Remote
Education QA Professional,(ISC)2,Remote
Unity Engineer (Remote/US),Decoy Games,"Boston, MA 02101•Remote"
Unity Generalist Engineer,HBS Studios,"Kirkland, WA 98033 (Highlands area)•Temporarily Remote"
Game Developer,Prototype Games,"Irvine, CA"
Narrative Designer - The Initiative - Xbox Game Studios,Microsoft,"Santa Monica, CA"
Team Leader,eAssist Dental Solutions,Remote
Director of Operations,Humboldt Farms,"Arcata, CA 95521"
Business Operations Coordinator,Cloud Unity,Remote
Unity Engineer,Hellosaurus,New York State•Remote
Route Delivery Professional,Culligan Water,Missouri+6 locations
General Property Management Maintenace,Unity Business Incentives,"Houston, TX 77058 (Pasadena area)•Remote"
Unity Programmer,Deck Nine Games,Remote
Narrative Designer - The Initiative - Xbox Game Studios,Microsoft,"Santa Monica, CA"
CG Model Designer – Monsters At Work,Disney Television Animation,"Glendale, CA (Glendale area)"
Venture Capital Deal Memo Writer,Mana Ventures,Remote
Chief Learning Officer,Spark! Strategic Solutions,"Boise, ID 83702 (Downtown area)"
3D Artist - Remote (Mobile/Kiosks Games),Everi Games Inc,"Detroit, MI•Remote"
Level Designer,Activision,"Austin, TX"
Financial Professional,Limitless Group,Remote
Unity Animator,IM3 Gaming Studios,"Herndon, VA 20171"
Entry-Level Unity Developer,"Integration Innovation, Inc.","Huntsville, AL 35806+1 location"
Eligibility Worker I Bilingual,"County of Marin, CA","San Rafael, CA+2 locations"
Senior Unity Game Developer,Industrial Training International,"Woodland, WA 98674+2 locations•Remote"
Unity Game Developer (s),Elsevier,"Gainesville, FL+1 location"
Cisco VoIP Engineer,Orion Inc.,Remote
Aerospace Technician,ULA,"Cape Canaveral, FL+2 locations"
Social Marketing Manager,Alagille Syndrome Alliance,Remote
Territory Account Representative,Ambassador Labs,"Portland, OR+7 locations"
Investment Analyst,Vivid Seats,Remote
Unity Developer,Institute for Human and Machine Cognition,"Pensacola, FL 32502 (Baymarc area)"
"Software Engineer, Unity Generalist",Rec Room,Washington State+10 locations•Remote
Senior Pastor,Lopez Island Community Church,"Lopez Island, WA 98261"
Director of People Operations,Forte,California•Remote
Unity Developer,Applications International Corporation,"San Diego, CA 92127 (Rancho Bernardo area)"
Freelance Digital Artist / Animator,Stoney Society,Remote
Chief Experience Officer,Beehive Federal Credit Union,"Rexburg, ID 83440"
Remote- L1 Help Desk Associate,Professional Management Enterprises,"Indianapolis, IN 46268•Remote"
Professor of Biblical and Theological Studies,Ligonier Ministries,"Sanford, FL 32771+1 location"
Free People: Community Leadership and Development Manager,URBN - Vetri Family,Pennsylvania
System Developer with Unity and C# interested in VR,The Glimpse Group,"New York, NY 10018 (Garment District area)+1 location"
Director of Senior Center,Unity Health,"Newport, AR"
New Life Center Resident Manager,City Union Mission,Missouri+3 locations
Lift Operations Ticket Checker,Nordic Valley Ski Resort,"Eden, UT 84310"
Unity Developer - Contract,Part Time Evil,"Austin, TX•Remote"
Dean of Students,Louisburg College,"Louisburg, NC 27549"
"Remote Field Accountant, South Sudan",Samaritan's Purse,"Boone, NC 28607•Remote"
Unity Engineer,"NauWork, LLC","Portland, OR•Remote"
Game Systems Engineer (Temporary),WarnerMedia,"Boston, MA"
"Interaction Designer, Virtual Reality and Augmented Reality",Google,"San Bruno, CA"
Unity Engineer - REMOTE - Absolute Games,"Penn National Gaming, Inc.","Henderson, NV 89014 (Gibson Springs area)•Remote"
"Software Engineer, Apprenticeship Program (Games SDKs)",OneSignal,"New York, NY"
Aerospace Technician,ULA,"Cape Canaveral, FL+2 locations"
Software Engineer,Microsoft,"Redmond, WA 98052 (Overlake area)"
Unity Developer,Applications International Corporation,"San Diego, CA 92127 (Rancho Bernardo area)"
Leasing Consultant - TX,LEDIC Realty Company,Texas+10 locations
Unity Developer,octogames,"Gilbert, AZ 85296"
Lead Earthquake Grant Programmer,Lewis & Clark,"Portland, OR 97219 (Collins View area)"
Meter Reader,City of Duncan,"Duncan, OK 73533"
Junior Unity Developer (Remote/US),Decoy Games,"Boston, MA 02101•Remote"
Temporary Bilingual Member Support Representative - Mandarin (4-month contract),Yoga Alliance,Virginia•Remote
Unity 3D Software Engineer,Bling,"Irvine, CA 92612 (San Joaquin Marsh area)"
Animator,Twisted Pixel Games,"Austin, TX 78704 (St. Edwards area)+1 location"
3D Character & Item Artist (Remote),Eleventh Hour Games,"Boerne, TX 78015•Remote"
"Team Lead, Client Fulfillment",Vivid Seats,+1 locationRemote
Volunteer - Social Media Community Coordinator,Native Americans in Higher Education and...,Remote
"Spaceflight Analyst, Entry-Level",Aevum,"Denver, CO"
Game Software Engineer,Pixel Dash Studios,"Baton Rouge, LA"
Bilingual Call Center Trainer,Clinica Family Health,"Denver, CO 80221+3 locations"
Customer Experience Advisor,(ISC)2,"Alexandria, VA 22314 (King St. Metro-Eisenhower Ave. area)•Remote"
"SDE, Scout",Amazon.com Services LLC,"Seattle, WA+15 locations"
Class A CDL Driver - Operation Christmas Child,Samaritan's Purse,"Boone, NC 28607"
Sr. Customer Service Support Representative (Remote),Thermo Fisher Scientific,Illinois•Remote
Collections Assistant,Dallas Museum of Art,"Dallas, TX 75201"
"Wearables 3D Artist, R&D",The New York Times,"New York, NY"
"Software Engineer, Unity Generalist",Rec Room,Washington State+10 locations•Remote
"Manager, Internal Careers Recruiting",Salesforce,+9 locationsRemote
Driver,Pawhuska Hospital,United States+1 location
Search and Rescue Specialist,Seattles Union Gospel Mission,United States+2 locations
"Lab Technician II (8-hr, 1st shift)",Thermo Fisher Scientific,"Greenville, NC+1 location"
Gameplay Engineer,Amazon.com Services LLC,"Irvine, CA"
Flight Attendant / Phoenix Sky Harbor Airport (PHX),Contour Airlines,"Phoenix, AZ 85034 (Phoenix Sky Harbor International Airport area)"
Collections Coordinator,Consumer Direct Care Network,Washington State•Remote
Psychiatric Nurse Practitioner,Oregon Health & Science University,"Portland, OR 97239 (Homestead area)"
Medical Revenue Poster,Unity Health Care.,"Washington, DC 20003 (Capitol Hill area)"
Warehouse Worker,ULA,"Cape Canaveral, FL"
System Developer with Unity and C# interested in VR,The Glimpse Group,"New York, NY 10018 (Garment District area)+1 location"
"Unity Software Developer, Virtual Reality (Contract)",Dreamscape Immersive,"Culver City, CA 90232"
"Software Engineer, Gaming & VR",Major League Baseball,"New York, NY+1 location"
"Unity Software Developer, Virtual Reality (Contract)",Dreamscape Immersive,"Culver City, CA 90232"
"Wearables 3D Artist, R&D",The New York Times,"New York, NY"
"Software Engineer, Gaming & VR",Major League Baseball,"New York, NY+1 location"
Assistant Professor,Oregon Health & Science University,"Portland, OR 97239 (Homestead area)+1 location"
Gameplay Engineer,Amazon.com Services LLC,"Irvine, CA"
Unity Game Developer (s),Elsevier,"Gainesville, FL+1 location"
Unity3D Developer/Game Developer,Xebrium,"San Jose, CA"
Digital Marketing Coordinator,Food for Soul,Remote
Free People: Community Leadership and Development Manager,URBN - Vetri Family,Pennsylvania
Capture Media Artist - Temp,Blizzard Entertainment,"Irvine, CA 92618+12 locations"
Structural Assembler,United Launch Alliance,"Harlingen, TX 78550 (Valley International Airport area)"
Unity Generalist Engineer,HBS Studios,"Kirkland, WA 98033 (Highlands area)•Temporarily Remote"
Juvenile Counselor 2 (Bilingual English/Spanish REQUIRED),Clackamas County,"Oregon City, OR 97045 (Hillendale area)"
"Maintenance Technician - Boone, NC",Samaritan's Purse,"Boone, NC+2 locations"
"Seasonal Human Resources Professional - Charlotte, NC",Samaritan's Purse,"Charlotte, NC"
Collections Assistant,Dallas Museum of Art,"Dallas, TX 75201"
Online Campus Coordinator,Faith Church,"St. Louis, MO 63127"
Quality Assurance Tester,NantWorks,"San Diego, CA+1 location"
Psychiatric Nurse Practitioner,Oregon Health & Science University,"Portland, OR 97239 (Homestead area)"
Director of Operations,Humboldt Farms,"Arcata, CA 95521"
Chief Learning Officer,Spark! Strategic Solutions,"Boise, ID 83702 (Downtown area)"
Director of Customer Success,Moxe,Wisconsin•Remote
CG Model Designer – Monsters At Work,Disney Television Animation,"Glendale, CA (Glendale area)"
VR/AR Interface Associate,"Acadental, Inc","Overland Park, KS 66214•Remote"
"Bilingual Representative, Customer Care",Unity,"Lees Summit, MO 64065•Remote"
3D Character Modeler (Contingent),SuperGenius,"Oregon City, OR"
Unity Developer,WTS Paradigm,"Middleton, WI"
Manual QA Tester,Supernatural,"Los Angeles, CA"
Route Delivery Professional,Culligan Water,"Laurel, MT 59044+6 locations"
Print Production Operator - Mail and Data,Samaritan's Purse,"Boone, NC"
HHS Senior Program Coordinator – Community Health Worker Collaborative,"County of Marin, CA","San Rafael, CA"
"Area Director I - Madison County, KY",Young Life,Kentucky+15 locations•Remote
Unity Engineer,Hellosaurus,New York State•Remote
Unity 3D Game Developer,iFuturz,"Norcross, GA"
Enrollment and Subsidy Coordinator,Delaware Tribe of Indians,"Bartlesville, OK 74006"
Retail Manager III - Lake Champion,Young Life,Remote
Peer Mentor,Legacy Health,"Portland, OR 97232 (Lloyd area)"
"Vice President of Quality, Safety & Clinical Effectiveness",Stanford Health Care,"Palo Alto, CA 94305"
Backend Developer (NodeJS),Joyvoo,Remote
"Savannah, TN - Volunteer Coordinator - Unity Hospice Care","Southern Healthcare Solutions, LLC","Savannah, TN 38372+1 location"
Patient Resource Coordinator,Legacy Health,"Portland, OR 97232 (Lloyd area)"
School Route Driver,PRODUCERS DAIRY FOODS INC.,"Fresno, CA 93701 (Fresno High Roeding area)"
Unity Developer - Contract,BetterUp,California•Remote
Education QA Professional,(ISC)2,Remote
Senior Service Engineer - Cisco,Vox Network Solutions,"South San Francisco, CA 94080•Remote"
Unity Game Developer,Infogen Labs,"Valencia, CA 91355"
Senior Network Engineer - Cisco -UCXX (100% Remote),Bold Business,"Tampa, FL+5 locations•Remote"
Assistant Director of Student Access,College of Southern Idaho,"Twin Falls, ID 83301"
Outreach Specialist - Mental Health,Seattles Union Gospel Mission,United States+3 locations
3D Character & Item Artist (Remote),Eleventh Hour Games,"Boerne, TX 78015•Remote"
"Systems Engineer - Client Server Tech Remote, Technology & Digital, FT",Baptist Health South Florida,+1 locationRemote
Talent Acquisition Manager,Southern New Hampshire University,Remote
Research Analyst,Equilar Inc,"Redwood City, CA 94063 (Downtown area)+1 location"
A1 - Remote,Broadcast Management Group LLC,"New York, NY 10036•Remote"
Augmented Reality Lead,SAIC,"Portland, ME 04102 (Rosemont area)•Remote"
3D Generalist,LOCKHEED MARTIN CORPORATION,"Palmdale, CA 93550"
"UI Scripter, Amazon Games, Mobile",Amazon.com Services LLC,Arizona+2 locations
AR Software Engineer,Tellus Solutions,Remote
Senior Account Executive,MiQ Digital,"Portland, OR+6 locations"
After Care Teacher,James River Church,Missouri+3 locations
Strategic Account Executive,Thermo Fisher Scientific,"Tampa, FL+19 locations•Remote"
Special Events Curator,The Lodge at Blue Sky,"Wanship, UT 84017"
"Answering Service Operator, 16 Hours, 3rd shift, Weekends only",Unity Health Network,"Cuyahoga Falls, OH 44223+2 locations"
Part-time Courier Delivery Driver,4QL Solutions,"East Point, GA 30344"
Game Designer - Metaverse,Oculus,"Burlingame, CA+3 locations"
Equipment Inventory Clerk,Ritchie Bros.,"Salt Lake City, UT+1 location"
[Robotics] Visuotactile Perception and Deep RL for Contact-Rich Robotic Manipulation,Honda Research Institute USA,"San Jose, CA"
Accounts Payable Associate I,Consumer Direct Care Network,Montana•Remote
Senior Cisco UCCE/UC Support Engineer - US- Remote,TTEC,North Carolina•Temporarily Remote
Senior Unity Game Developer,Joyvoo,Remote
"Spaceflight Analyst, Entry-Level",Aevum,"Denver, CO"
Director of Administrative Operations,Wally's Natural Products,"Auburn, CA 95603"
Professor of Biblical and Theological Studies,Reformation Bible College,"Sanford, FL 32771+1 location"
Delivery Driver,Packard Culligan Water,"Brookville, PA+5 locations"
Mental Health Therapist - Bachelor's (FBH Clinician I),CCSWW,"Tacoma, WA+4 locations"
"Project Coordinator (Entry Level) [ Posted Date : 15 July, 2020 ]",Stira Pharmaceuticals,"Fairfield, NJ 07004"
Cisco Network Admin,Tyndall Federal Credit Union,Remote
Grant Writer (Contractor),Association for Professionals in Infection Control...,Remote
Enterprise Storage/Backup Engineer,Nicklaus Children's Hospital,"Miami, FL 33155"
Lead Technical Recruiter,Vivid Seats,Remote
Head Womens Soccer Coach - OUKS,Ottawa University,"Ottawa, KS 66067"
Teller I,Citizens Alliance Bank,"Seeley Lake, MT 59868"
Legal Policy Operations Process & Policy Specialist,TikTok,"Los Angeles, CA"
"Associate Director, Risk Adjustment Integrity Unity (RAIU FWA)",Humana,"Louisville, KY 40202 (Central Business District area)•Remote"
Unity Developer,octogames,"Gilbert, AZ 85296"
Substitute Teacher,James River Church,Missouri
Unity 3D Applications Engineer,FS Studio,Remote
